Student_ID,Study_Hours,Attendance_Pct,Previous_Marks,Assignment_Score,Internal_Marks,Parental_Education,Internet_Access,Extra_Classes,Final_Result
1,7,84,87,85,52,Low,No,No,1
2,4,91,60,96,40,Low,Yes,No,0
3,8,83,40,66,93,Low,No,Yes,1
4,5,79,81,43,37,High,No,No,0
5,7,62,44,97,85,Medium,No,Yes,0
6,3,62,36,54,89,High,Yes,No,0
7,7,67,57,74,39,High,No,No,0
8,8,81,80,76,68,High,No,Yes,1
9,5,81,87,40,57,Medium,Yes,No,0
10,4,84,34,42,78,Low,Yes,Yes,0
11,8,88,34,86,65,High,No,No,0
12,8,95,37,63,42,High,No,Yes,0
13,3,78,93,66,65,Low,No,No,0
14,6,98,39,79,55,High,Yes,No,0
15,5,78,67,75,33,Medium,Yes,No,0
16,2,93,37,73,93,High,Yes,Yes,0
17,8,65,54,68,67,High,No,Yes,0
18,6,93,95,63,51,Low,Yes,Yes,1
19,2,96,79,63,31,High,No,No,0
20,5,59,96,81,60,High,Yes,Yes,0
21,1,79,78,43,40,Medium,Yes,Yes,0
22,6,74,65,42,75,Low,Yes,Yes,0
23,9,88,97,73,91,Low,No,Yes,1
24,1,69,70,96,98,Medium,No,Yes,0
25,3,54,91,88,93,High,No,Yes,0
26,7,50,39,62,39,Low,No,Yes,0
27,4,79,50,92,69,Low,Yes,Yes,0
28,9,98,65,95,53,High,No,Yes,1
29,3,52,41,91,73,High,Yes,Yes,0
30,5,94,31,62,89,Low,No,No,0
31,3,63,42,84,91,High,No,No,0
32,7,79,82,44,46,Low,Yes,Yes,0
33,5,99,61,70,94,High,Yes,No,1
34,9,53,45,92,86,High,No,No,1
35,7,67,61,80,84,Medium,No,Yes,1
36,2,86,61,96,82,High,Yes,Yes,0
37,4,74,40,96,85,Medium,Yes,Yes,0
38,9,97,39,99,38,High,Yes,No,1
39,2,50,44,93,51,Low,Yes,Yes,0
40,9,95,46,45,42,Low,Yes,No,0
41,5,64,69,76,77,High,No,Yes,0
42,2,58,47,96,47,High,No,No,0
43,4,64,84,49,69,Low,No,No,0
44,7,98,54,79,46,High,No,Yes,0
45,8,73,88,46,44,Medium,Yes,Yes,0
46,3,53,51,78,44,Medium,Yes,No,0
47,1,61,59,77,92,Medium,Yes,No,0
48,4,86,73,60,68,Medium,No,Yes,0
49,2,86,61,59,42,Medium,Yes,Yes,0
50,8,92,80,42,61,High,Yes,No,1
51,4,55,75,90,38,High,No,Yes,0
52,2,88,50,61,69,Medium,No,No,0
53,6,95,61,86,49,High,No,Yes,0
54,6,73,68,43,92,High,Yes,Yes,0
55,4,60,41,67,73,Medium,Yes,Yes,0
56,6,62,76,51,67,High,No,No,0
57,2,83,47,77,89,High,No,Yes,0
58,2,74,50,90,77,High,Yes,No,0
59,4,56,42,75,47,Medium,No,Yes,0
60,8,53,50,86,45,High,Yes,No,0
61,7,57,37,80,84,Low,No,No,0
62,9,69,75,44,68,Low,No,Yes,1
63,8,78,36,52,97,Medium,No,No,0
64,5,94,52,62,88,Low,Yes,No,0
65,2,95,51,97,91,Medium,Yes,No,0
66,5,59,51,89,42,Low,No,No,0
67,8,92,58,69,35,Low,Yes,Yes,0
68,9,83,42,76,89,Low,No,Yes,1
69,9,75,31,64,43,Medium,No,Yes,0
70,1,90,58,87,83,Medium,Yes,No,0
71,9,98,81,66,33,High,Yes,No,1
72,7,52,56,90,68,Medium,Yes,Yes,0
73,9,55,79,53,54,Low,Yes,Yes,0
74,8,54,52,96,61,Low,No,No,0
75,1,54,73,87,88,Medium,Yes,Yes,0
76,8,96,51,98,92,Medium,Yes,Yes,1
77,8,72,72,86,67,Medium,No,No,1
78,3,98,66,93,82,High,No,Yes,0
79,1,58,90,75,96,Low,No,No,0
80,8,84,85,78,57,High,No,Yes,1
81,3,69,32,55,32,High,Yes,No,0
82,3,98,92,95,51,Low,Yes,No,0
83,1,91,48,61,67,Low,No,No,0
84,5,84,52,60,91,Medium,No,No,0
85,7,99,58,93,86,Medium,Yes,No,1
86,9,67,59,60,35,High,Yes,Yes,0
87,7,66,68,47,61,Medium,Yes,Yes,0
88,9,73,54,88,39,Medium,Yes,Yes,0
89,8,52,37,55,32,Low,Yes,No,0
90,2,81,87,98,88,Low,No,Yes,0
91,1,84,45,94,78,Medium,No,No,0
92,7,87,30,70,88,Low,No,No,0
93,7,62,34,81,60,Medium,No,Yes,0
94,8,96,32,49,98,Low,Yes,No,1
95,5,74,94,71,91,Low,No,Yes,1
96,3,58,33,98,81,Low,Yes,No,0
97,8,53,93,73,70,Low,Yes,No,1
98,6,63,39,48,60,Medium,Yes,Yes,0
99,3,86,50,56,51,High,Yes,No,0
100,1,83,75,50,33,Low,Yes,Yes,0
101,3,60,56,71,42,Medium,Yes,No,0
102,5,90,95,49,74,Medium,Yes,Yes,1
103,3,52,70,61,71,Low,No,No,0
104,1,77,42,96,78,High,Yes,Yes,0
105,5,78,38,56,49,Low,No,Yes,0
106,7,58,65,43,83,Medium,No,No,0
107,7,52,87,87,65,High,Yes,Yes,1
108,9,74,83,91,30,Medium,Yes,No,1
109,3,83,41,86,44,Low,No,No,0
110,7,61,43,64,46,High,No,Yes,0
111,1,91,63,98,53,Medium,No,Yes,0
112,4,58,82,60,87,Medium,No,Yes,0
113,4,64,49,76,52,Medium,Yes,Yes,0
114,5,89,45,77,75,Low,Yes,Yes,0
115,7,74,99,88,37,High,Yes,No,1
116,7,54,85,40,88,Low,No,Yes,0
117,4,60,87,64,88,Low,Yes,No,0
118,7,83,33,90,42,Low,No,Yes,0
119,3,73,33,75,68,High,Yes,Yes,0
120,6,64,49,56,57,Low,No,Yes,0
121,2,87,39,80,90,Low,Yes,No,0
122,9,57,53,63,45,Low,Yes,Yes,0
123,5,54,55,41,31,Low,No,No,0
124,6,97,66,79,46,Medium,No,No,0
125,4,75,83,54,59,Low,No,No,0
126,7,67,50,71,42,Medium,No,Yes,0
127,9,55,67,78,42,Low,No,No,0
128,7,86,75,98,72,High,Yes,Yes,1
129,1,97,33,45,50,Medium,No,No,0
130,1,62,89,40,84,Medium,Yes,Yes,0
131,9,77,86,86,69,Medium,Yes,No,1
132,9,54,74,62,44,Medium,Yes,Yes,0
133,4,62,49,97,81,High,Yes,Yes,0
134,9,66,46,78,82,Low,Yes,Yes,1
135,3,99,33,96,81,Medium,No,No,0
136,7,89,43,56,59,High,No,No,0
137,6,94,32,73,62,Medium,Yes,Yes,0
138,8,81,87,98,86,Low,Yes,No,1
139,9,78,84,80,81,Medium,No,No,1
140,5,52,33,68,38,High,No,No,0
141,1,89,53,48,83,Low,Yes,No,0
142,3,83,63,52,30,High,No,No,0
143,8,89,59,45,73,Low,No,No,1
144,6,76,48,45,38,Low,No,No,0
145,8,62,60,59,61,Low,Yes,Yes,0
146,9,94,89,91,44,Medium,No,Yes,1
147,4,82,89,92,41,High,Yes,No,0
148,1,55,48,42,86,High,Yes,Yes,0
149,1,73,78,56,37,High,Yes,Yes,0
150,4,68,92,88,56,Low,Yes,Yes,0
151,7,65,51,51,91,Medium,Yes,No,0
152,2,89,53,87,41,Low,No,No,0
153,3,77,59,86,94,High,Yes,No,0
154,1,82,87,84,71,Medium,Yes,No,0
155,5,97,60,94,91,Medium,Yes,No,1
156,1,90,93,40,40,Medium,No,Yes,0
157,8,62,48,56,72,High,No,No,0
158,1,92,77,42,46,Medium,No,Yes,0
159,1,94,74,65,61,Medium,No,No,0
160,2,74,84,54,69,Low,No,Yes,0
161,2,91,84,75,52,Low,No,No,0
162,6,85,47,71,85,Medium,No,No,0
163,7,76,92,71,35,Medium,Yes,No,0
164,5,87,76,43,79,Low,Yes,No,0
165,1,56,86,57,66,Low,No,No,0
166,1,54,74,88,93,Low,Yes,No,0
167,3,92,62,58,83,High,Yes,Yes,0
168,2,94,46,82,78,High,No,No,0
169,5,80,99,91,40,Low,Yes,Yes,0
170,6,72,33,74,78,Medium,Yes,No,0
171,7,91,49,79,50,Low,No,Yes,0
172,4,59,76,53,95,High,Yes,Yes,0
173,7,81,44,97,92,Medium,No,Yes,1
174,8,92,99,72,57,High,No,Yes,1
175,1,79,76,53,46,Medium,Yes,Yes,0
176,6,88,38,73,35,High,Yes,Yes,0
177,8,80,45,94,48,Medium,Yes,No,0
178,5,67,98,43,85,Medium,No,Yes,0
179,4,85,90,63,57,Medium,No,No,0
180,2,51,39,98,95,Medium,No,No,0
181,6,63,79,68,67,High,Yes,Yes,0
182,6,62,32,58,66,High,Yes,Yes,0
183,1,78,99,45,97,Medium,No,No,0
184,9,61,80,96,78,Medium,Yes,Yes,1
185,6,88,48,72,72,High,Yes,Yes,0
186,3,51,71,88,65,Medium,No,Yes,0
187,4,81,64,79,87,Medium,No,Yes,0
188,4,62,75,58,42,Medium,Yes,Yes,0
189,3,95,55,92,81,Low,No,Yes,0
190,3,76,98,40,87,Medium,Yes,Yes,0
191,3,98,93,44,61,Low,No,No,0
192,4,90,66,66,89,Medium,No,Yes,0
193,7,66,78,55,87,High,No,No,1
194,4,89,50,45,85,Low,Yes,No,0
195,9,80,93,79,57,Low,Yes,No,1
196,1,83,34,52,30,Medium,No,No,0
197,8,73,99,87,71,Medium,No,Yes,1
198,7,94,33,74,77,Low,No,No,0
199,2,84,68,58,69,High,Yes,No,0
200,8,97,64,51,92,High,No,No,1
201,1,55,30,55,33,Medium,No,No,0
202,9,68,53,98,67,High,No,No,1
203,9,79,86,82,56,High,No,Yes,1
204,2,56,99,49,38,Medium,Yes,Yes,0
205,7,59,70,64,45,High,Yes,No,0
206,3,90,83,59,85,Medium,No,Yes,0
207,7,81,75,70,60,Low,Yes,Yes,1
208,9,83,89,43,43,Medium,Yes,No,1
209,4,77,89,83,54,Low,Yes,No,0
210,1,64,86,62,63,Low,No,No,0
211,2,79,60,41,96,High,Yes,Yes,0
212,1,86,53,95,53,High,Yes,No,0
213,5,78,65,61,55,High,Yes,Yes,0
214,5,71,59,90,49,Medium,No,Yes,0
215,7,53,53,96,93,High,No,Yes,0
216,9,69,59,76,39,Low,Yes,No,0
217,9,81,36,47,96,High,Yes,Yes,1
218,3,85,64,46,53,High,No,No,0
219,3,99,84,53,34,Medium,No,No,0
220,3,53,43,95,96,Medium,Yes,No,0
221,4,76,39,94,87,Low,Yes,No,0
222,8,66,45,42,56,Medium,No,No,0
223,6,61,83,89,44,High,No,Yes,0
224,8,71,99,55,64,Medium,Yes,Yes,1
225,1,66,73,94,82,Low,No,Yes,0
226,8,59,74,58,73,High,Yes,Yes,1
227,4,50,85,90,55,Low,Yes,Yes,0
228,1,71,86,57,76,Medium,Yes,No,0
229,8,75,50,91,63,Medium,No,No,0
230,4,67,97,55,79,Low,Yes,Yes,0
231,6,99,79,47,41,High,Yes,Yes,0
232,8,63,62,99,33,Medium,No,Yes,0
233,4,96,36,72,77,Medium,No,No,0
234,3,78,99,88,84,High,Yes,No,1
235,9,61,44,51,30,Medium,Yes,No,0
236,3,85,61,92,95,Low,No,Yes,0
237,9,84,49,50,59,Medium,No,Yes,0
238,2,61,44,44,32,Medium,No,Yes,0
239,2,56,77,66,50,High,Yes,Yes,0
240,2,78,50,51,78,Low,Yes,No,0
241,6,60,71,56,91,High,Yes,Yes,0
242,3,82,55,45,67,Medium,No,Yes,0
243,9,55,43,72,44,Medium,Yes,Yes,0
244,4,96,86,44,81,High,No,No,0
245,1,64,66,96,75,High,Yes,No,0
246,4,81,87,67,54,High,No,Yes,0
247,1,60,50,53,50,Low,Yes,No,0
248,5,72,98,44,34,Medium,Yes,No,0
249,4,75,32,93,99,High,No,No,0
250,8,83,66,95,76,Medium,No,No,1
251,8,95,78,98,97,Low,Yes,No,1
252,7,83,48,72,47,Low,No,Yes,0
253,3,78,41,89,50,Low,No,Yes,0
254,1,53,90,87,52,Low,Yes,Yes,0
255,1,66,70,80,93,Medium,No,No,0
256,3,84,62,58,96,Low,Yes,No,0
257,6,62,79,61,69,Low,Yes,No,0
258,7,90,97,44,39,High,No,No,1
259,6,88,62,98,81,Low,No,Yes,1
260,6,64,53,41,90,High,Yes,Yes,0
261,6,78,90,69,93,Low,Yes,Yes,1
262,3,78,90,86,34,Low,Yes,Yes,0
263,6,60,57,78,82,High,Yes,Yes,0
264,8,81,87,43,84,Low,Yes,Yes,1
265,2,51,72,72,66,Medium,Yes,No,0
266,5,96,70,52,85,Medium,No,No,0
267,1,63,68,59,88,Low,No,Yes,0
268,1,69,78,93,98,Medium,No,No,0
269,5,71,46,46,88,High,Yes,Yes,0
270,3,60,99,54,31,Low,No,Yes,0
271,4,76,99,62,94,Low,Yes,No,1
272,3,52,94,53,89,High,Yes,Yes,0
273,1,66,34,62,80,High,No,Yes,0
274,1,93,31,58,59,High,Yes,Yes,0
275,5,77,51,93,40,Low,Yes,No,0
276,6,78,86,68,68,High,Yes,No,1
277,3,70,95,95,92,High,Yes,No,1
278,9,96,45,59,93,Medium,Yes,No,1
279,5,65,80,68,90,Medium,Yes,Yes,0
280,8,86,68,63,83,Low,No,No,1
281,1,69,69,57,87,Medium,Yes,No,0
282,5,55,67,49,85,Medium,Yes,No,0
283,3,68,89,80,63,High,Yes,Yes,0
284,1,54,88,96,60,High,Yes,No,0
285,4,52,39,47,81,Medium,No,No,0
286,5,50,93,65,30,Medium,No,Yes,0
287,7,87,92,68,84,Medium,Yes,Yes,1
288,1,64,78,49,51,Low,Yes,Yes,0
289,3,83,93,56,69,Low,Yes,Yes,0
290,2,84,61,41,30,Low,No,No,0
291,9,98,36,45,94,Medium,No,Yes,1
292,6,74,50,97,92,Medium,No,No,0
293,3,73,49,44,83,Low,No,No,0
294,8,61,55,67,71,Low,Yes,No,0
295,8,67,97,80,50,Medium,No,No,1
296,2,64,44,44,51,High,No,No,0
297,6,93,43,57,67,Low,Yes,Yes,0
298,7,65,56,65,37,Medium,Yes,No,0
299,2,76,69,59,91,Medium,No,No,0
300,2,57,87,80,76,High,No,No,0
301,1,95,57,88,46,Medium,No,Yes,0
302,8,74,55,66,46,Medium,No,No,0
303,1,66,92,88,42,Low,Yes,No,0
304,9,78,95,51,46,Low,Yes,Yes,1
305,6,57,54,46,67,High,No,No,0
306,7,64,32,98,74,High,No,No,0
307,7,76,73,42,35,Medium,No,Yes,0
308,3,95,71,49,64,Low,No,No,0
309,2,99,35,73,43,High,No,No,0
310,9,56,68,64,90,High,Yes,No,1
311,8,52,81,74,44,High,Yes,No,0
312,7,78,52,55,83,Medium,Yes,No,0
313,9,93,79,41,56,Low,No,Yes,1
314,4,73,72,99,42,High,No,Yes,0
315,4,52,48,63,60,Low,Yes,Yes,0
316,1,69,98,49,64,High,Yes,No,0
317,8,95,80,77,89,High,No,No,1
318,3,64,40,61,35,Low,Yes,No,0
319,7,74,41,65,98,Low,No,Yes,0
320,2,79,37,82,87,Low,No,No,0
321,2,63,53,94,78,Medium,Yes,No,0
322,7,56,70,78,52,High,Yes,No,0
323,6,66,65,66,63,Medium,Yes,Yes,0
324,3,93,84,68,55,Low,No,Yes,0
325,9,69,38,86,76,High,No,No,1
326,6,85,76,77,34,Medium,Yes,No,0
327,6,58,44,59,49,High,No,No,0
328,1,87,77,66,35,Medium,No,Yes,0
329,4,97,71,80,99,Low,No,Yes,1
330,6,71,89,93,88,Medium,Yes,Yes,1
331,6,51,99,59,93,High,No,No,1
332,5,73,41,83,47,High,Yes,Yes,0
333,1,57,31,58,33,High,Yes,No,0
334,8,60,36,59,46,High,No,No,0
335,5,62,32,74,43,Low,Yes,Yes,0
336,5,66,32,86,42,Medium,No,No,0
337,7,57,56,41,36,Low,Yes,Yes,0
338,4,70,69,69,73,Low,Yes,No,0
339,6,67,62,92,44,Low,No,No,0
340,4,79,30,73,48,High,Yes,Yes,0
341,3,67,37,61,92,High,Yes,No,0
342,7,95,61,42,64,High,Yes,No,0
343,8,96,77,45,64,Medium,No,No,1
344,4,80,33,54,48,High,No,No,0
345,2,87,99,66,49,Medium,Yes,No,0
346,3,81,48,49,64,High,Yes,No,0
347,1,60,61,48,61,High,Yes,No,0
348,8,94,38,72,77,Low,No,No,1
349,3,74,41,71,73,Low,No,Yes,0
350,7,82,40,87,53,Low,Yes,Yes,0
351,5,87,75,45,90,Medium,No,No,0
352,5,90,45,80,46,Medium,No,No,0
353,7,57,30,98,79,High,No,Yes,0
354,9,60,92,75,94,Medium,No,No,1
355,5,71,50,98,61,High,Yes,Yes,0
356,1,73,59,99,65,Medium,No,Yes,0
357,1,90,42,41,42,Medium,No,Yes,0
358,2,66,63,68,99,Medium,Yes,No,0
359,6,61,33,43,87,Low,Yes,No,0
360,9,95,57,40,43,Medium,No,No,0
361,8,81,88,58,66,Low,No,Yes,1
362,5,64,56,65,97,Low,Yes,Yes,0
363,1,65,98,64,69,Medium,Yes,Yes,0
364,7,71,54,49,88,High,Yes,No,0
365,5,77,32,92,45,High,No,Yes,0
366,6,69,97,54,91,High,No,Yes,1
367,7,82,54,98,33,Medium,Yes,No,0
368,3,59,49,61,74,High,No,Yes,0
369,3,89,63,90,57,Low,Yes,Yes,0
370,5,81,55,87,95,High,No,No,0
371,6,99,34,60,60,Medium,Yes,No,0
372,9,82,90,98,32,High,Yes,Yes,1
373,5,51,38,95,37,Low,No,No,0
374,1,82,79,61,53,Medium,No,Yes,0
375,4,82,35,75,44,High,No,No,0
376,5,90,89,73,72,Medium,No,Yes,1
377,5,62,73,69,60,Medium,No,No,0
378,7,79,40,64,74,Medium,No,Yes,0
379,4,82,95,84,95,High,Yes,No,1
380,1,62,76,67,37,Medium,No,No,0
381,5,75,32,40,86,High,Yes,No,0
382,7,71,59,88,59,Low,Yes,No,0
383,6,88,50,84,47,High,No,No,0
384,5,51,57,43,98,Low,Yes,No,0
385,4,87,91,46,68,High,Yes,No,0
386,2,88,62,88,89,Medium,No,Yes,0
387,4,75,64,48,72,High,No,Yes,0
388,3,95,81,75,74,Medium,No,No,0
389,1,99,63,58,52,Low,Yes,No,0
390,8,64,70,40,98,High,No,Yes,1
391,5,83,80,49,35,Medium,No,Yes,0
392,4,91,76,75,85,Low,No,No,0
393,8,93,87,48,33,Low,No,Yes,1
394,7,98,86,84,52,High,Yes,Yes,1
395,2,89,52,85,35,Low,No,No,0
396,1,60,77,81,61,Medium,Yes,No,0
397,4,52,51,71,47,Low,No,No,0
398,8,55,46,71,44,Low,Yes,Yes,0
399,2,58,98,45,69,Medium,Yes,No,0
400,3,55,40,87,35,Low,Yes,No,0
401,1,58,44,77,92,Low,No,Yes,0
402,1,88,64,56,96,Low,Yes,No,0
403,3,80,62,49,40,Low,No,Yes,0
404,5,81,45,89,72,Medium,No,Yes,0
405,3,90,63,66,46,Low,No,Yes,0
406,1,99,95,93,33,Medium,No,Yes,0
407,1,61,69,89,92,Low,No,Yes,0
408,8,57,57,74,97,Low,Yes,Yes,1
409,2,57,76,91,70,Low,No,No,0
410,3,99,68,98,34,Low,Yes,No,0
411,2,77,99,60,61,Medium,Yes,No,0
412,3,69,49,64,99,Medium,Yes,Yes,0
413,7,96,30,67,64,Medium,Yes,No,0
414,1,56,92,86,51,High,Yes,Yes,0
415,8,60,96,54,94,Low,Yes,No,1
416,2,69,33,43,51,Low,Yes,Yes,0
417,3,65,87,68,40,Medium,No,No,0
418,9,53,54,98,32,High,Yes,Yes,0
419,7,55,76,48,38,Low,No,No,0
420,4,71,67,66,89,Medium,Yes,Yes,0
421,5,75,44,65,43,Low,Yes,No,0
422,2,52,92,58,47,Low,Yes,Yes,0
423,8,90,50,95,52,Medium,Yes,No,1
424,4,91,86,67,76,Medium,No,No,0
425,9,63,82,56,98,Low,No,No,1
426,5,60,75,82,76,Low,No,Yes,0
427,9,67,43,96,59,Medium,Yes,Yes,0
428,4,61,46,80,54,Low,Yes,Yes,0
429,5,72,68,81,57,Low,Yes,Yes,0
430,9,61,38,89,54,Medium,No,Yes,0
431,8,62,35,59,87,Low,Yes,No,0
432,3,74,52,84,70,Low,No,Yes,0
433,1,94,88,79,54,High,No,No,0
434,3,68,75,78,77,Medium,Yes,No,0
435,4,95,67,88,39,High,Yes,Yes,0
436,2,85,43,92,40,High,No,No,0
437,1,94,91,62,50,High,No,Yes,0
438,7,57,64,86,74,Low,No,Yes,0
439,8,78,48,71,36,Low,Yes,Yes,0
440,7,81,59,91,93,High,Yes,No,1
441,5,93,54,86,93,High,Yes,Yes,0
442,1,67,69,72,31,High,Yes,Yes,0
443,7,55,43,96,71,Low,Yes,Yes,0
444,7,67,55,85,83,High,Yes,No,0
445,9,68,51,44,45,High,No,Yes,0
446,3,71,77,82,47,Medium,No,No,0
447,9,86,80,87,88,Medium,No,No,1
448,1,81,32,73,45,Low,Yes,Yes,0
449,1,90,71,79,35,Medium,No,No,0
450,4,52,48,50,86,Medium,Yes,No,0
451,9,77,57,89,76,Medium,Yes,Yes,1
452,6,59,74,42,77,Low,No,Yes,0
453,3,84,92,97,71,Medium,Yes,Yes,0
454,1,78,48,72,89,Low,No,No,0
455,4,64,76,50,33,High,No,Yes,0
456,9,82,43,55,31,Medium,Yes,No,0
457,3,56,67,57,88,Low,No,No,0
458,9,61,82,69,56,Medium,No,No,1
459,7,98,90,87,56,High,No,No,1
460,4,79,65,94,36,Low,No,No,0
461,3,70,69,49,92,Low,Yes,Yes,0
462,5,80,59,57,75,Low,No,Yes,0
463,5,73,38,77,92,High,No,No,0
464,3,69,93,58,41,High,No,No,0
465,9,86,62,75,42,High,Yes,Yes,1
466,4,53,81,98,72,Low,No,Yes,0
467,5,77,43,52,46,High,Yes,No,0
468,4,93,82,95,92,Medium,No,No,1
469,5,69,88,85,65,High,No,Yes,0
470,7,73,70,42,37,Low,No,Yes,0
471,9,99,97,49,98,Medium,Yes,No,1
472,7,98,97,77,65,High,Yes,Yes,1
473,5,81,37,40,57,Medium,Yes,Yes,0
474,7,90,31,94,76,Medium,Yes,No,0
475,5,85,70,95,59,Low,Yes,No,0
476,3,83,84,66,52,Medium,Yes,No,0
477,7,85,45,85,45,Medium,No,Yes,0
478,2,51,91,47,43,Low,Yes,No,0
479,9,64,77,90,81,Low,No,Yes,1
480,1,83,59,85,66,Low,Yes,No,0
481,6,85,41,81,58,Medium,Yes,No,0
482,7,55,64,56,96,Medium,Yes,Yes,0
483,8,88,40,48,44,Medium,No,Yes,0
484,9,91,93,45,76,Low,Yes,No,1
485,2,61,79,82,75,High,Yes,No,0
486,2,52,50,64,81,Medium,No,Yes,0
487,5,94,98,78,48,High,No,No,1
488,5,67,77,88,50,Low,No,Yes,0
489,6,89,49,99,93,Medium,No,Yes,1
490,3,70,96,67,66,High,Yes,No,0
491,8,64,73,72,56,Medium,No,Yes,0
492,1,82,62,93,84,Medium,Yes,Yes,0
493,6,84,90,76,58,Medium,Yes,Yes,1
494,4,75,38,48,49,High,No,No,0
495,1,57,97,57,54,Low,Yes,Yes,0
496,7,85,64,95,99,Medium,No,No,1
497,9,97,94,98,92,Low,Yes,No,1
498,4,79,37,60,65,Low,No,No,0
499,4,72,74,41,31,High,No,Yes,0
500,6,91,76,97,51,High,No,Yes,1
501,3,93,69,82,45,Low,No,No,0
502,6,63,83,98,47,Medium,No,No,0
503,7,63,75,99,98,High,No,Yes,1
504,3,51,76,77,83,Medium,Yes,No,0
505,7,86,44,97,59,Medium,Yes,No,0
506,3,54,48,79,74,Medium,Yes,Yes,0
507,2,87,55,75,48,Low,No,No,0
508,4,94,81,89,63,Medium,Yes,Yes,0
509,8,90,51,99,42,Low,No,Yes,0
510,9,96,50,82,72,Low,Yes,No,1
511,7,63,80,76,91,Medium,Yes,Yes,1
512,1,88,67,54,51,Medium,No,Yes,0
513,3,74,49,67,81,Medium,Yes,Yes,0
514,9,69,58,57,81,Medium,Yes,No,1
515,1,51,80,73,65,Low,Yes,No,0
516,9,88,33,61,48,Medium,No,No,0
517,8,55,84,50,67,Medium,Yes,Yes,1
518,1,66,57,97,99,Low,No,Yes,0
519,6,74,33,96,86,High,Yes,No,0
520,5,77,51,52,49,High,Yes,No,0
521,6,51,74,43,38,Low,Yes,Yes,0
522,5,84,96,61,61,High,Yes,No,0
523,6,86,95,46,33,Low,No,No,0
524,5,54,63,82,79,Medium,Yes,No,0
525,5,50,84,93,34,Medium,No,No,0
526,4,89,30,63,49,High,No,No,0
527,3,61,67,43,66,Medium,Yes,Yes,0
528,3,85,35,67,51,High,Yes,No,0
529,4,94,54,54,87,High,No,No,0
530,9,72,46,40,97,Medium,No,Yes,1
531,2,96,90,94,73,Medium,Yes,Yes,0
532,9,80,41,42,63,High,Yes,Yes,0
533,1,60,35,53,71,Medium,Yes,Yes,0
534,1,59,56,77,38,Low,Yes,No,0
535,5,52,37,89,36,Medium,Yes,No,0
536,6,63,94,96,97,Medium,No,No,1
537,6,65,86,40,48,Low,Yes,No,0
538,3,59,69,77,60,Medium,Yes,Yes,0
539,7,78,43,77,64,Medium,No,Yes,0
540,9,59,64,60,86,High,Yes,No,1
541,8,61,77,87,90,Medium,Yes,No,1
542,6,79,85,68,60,Medium,No,No,0
543,8,90,78,44,82,Low,Yes,No,1
544,5,50,42,88,61,High,No,Yes,0
545,8,54,90,49,95,High,Yes,No,1
546,4,69,78,67,88,High,Yes,Yes,0
547,8,57,75,60,39,Medium,Yes,Yes,0
548,2,92,91,89,31,High,No,Yes,0
549,5,61,37,46,95,Low,No,Yes,0
550,9,50,72,42,89,High,No,No,1
551,4,69,49,84,46,Low,No,No,0
552,6,77,68,86,45,High,Yes,No,0
553,1,92,78,59,45,High,No,No,0
554,9,86,93,58,75,Low,No,Yes,1
555,1,96,91,74,68,High,No,Yes,0
556,5,86,83,43,60,High,Yes,Yes,0
557,4,61,38,44,30,High,Yes,No,0
558,3,86,66,40,40,Medium,No,Yes,0
559,6,98,78,43,33,Low,No,Yes,0
560,2,98,70,51,55,High,Yes,Yes,0
561,3,93,46,99,79,Low,No,Yes,0
562,5,77,50,66,41,Low,No,No,0
563,9,96,80,95,94,Low,No,Yes,1
564,2,64,88,81,76,High,No,Yes,0
565,8,55,68,62,82,High,Yes,No,1
566,2,93,84,64,31,Low,Yes,No,0
567,5,69,70,60,53,Medium,Yes,No,0
568,7,99,68,97,33,Low,No,Yes,1
569,8,63,42,91,48,Medium,No,Yes,0
570,1,51,93,63,55,Low,Yes,Yes,0
571,6,58,40,64,69,Low,Yes,Yes,0
572,1,86,48,84,79,Low,Yes,No,0
573,2,69,40,94,72,High,No,Yes,0
574,1,75,75,85,96,Medium,Yes,Yes,0
575,5,78,74,71,41,Medium,No,No,0
576,9,50,30,94,96,Low,No,No,0
577,6,84,69,71,56,High,Yes,No,0
578,1,55,48,44,83,High,Yes,Yes,0
579,1,86,90,75,95,Medium,No,Yes,0
580,2,54,41,85,78,High,Yes,Yes,0
581,9,82,90,81,45,Medium,Yes,Yes,1
582,3,98,62,88,31,Medium,No,Yes,0
583,1,63,74,81,89,Medium,No,No,0
584,5,61,98,97,83,High,No,No,1
585,7,91,37,78,59,Medium,No,Yes,0
586,6,69,54,55,67,Medium,No,Yes,0
587,1,99,75,72,57,Low,Yes,Yes,0
588,5,73,59,88,54,Medium,No,Yes,0
589,5,92,76,60,39,Medium,No,Yes,0
590,6,83,78,48,89,Low,No,No,1
591,3,74,76,45,71,Low,Yes,No,0
592,5,99,47,90,69,High,No,No,0
593,7,78,95,84,71,Medium,No,Yes,1
594,5,88,97,74,76,High,No,Yes,1
595,5,80,62,78,66,High,Yes,No,0
596,5,96,65,61,51,Low,No,No,0
597,3,92,48,80,86,High,No,Yes,0
598,1,99,57,93,56,Medium,No,No,0
599,5,72,69,44,70,Low,Yes,No,0
600,9,93,44,81,63,Medium,Yes,Yes,1
601,1,87,70,62,61,Medium,Yes,No,0
602,3,69,68,56,95,Low,Yes,No,0
603,4,72,31,51,41,Medium,No,No,0
604,1,94,92,62,69,Low,No,Yes,0
605,1,65,58,55,39,Medium,Yes,No,0
606,8,99,95,42,77,Low,Yes,No,1
607,2,91,80,69,49,High,No,No,0
608,8,57,39,96,68,Medium,No,Yes,0
609,7,99,43,61,89,Low,Yes,Yes,1
610,2,70,80,48,95,Medium,Yes,No,0
611,6,50,68,68,94,Medium,Yes,Yes,0
612,6,57,57,86,80,Medium,Yes,No,0
613,3,78,32,76,65,Low,No,Yes,0
614,2,81,99,62,53,High,Yes,Yes,0
615,1,87,56,52,56,High,Yes,No,0
616,6,54,31,71,31,High,No,No,0
617,5,96,67,85,60,Low,No,No,0
618,9,71,32,91,86,High,No,Yes,1
619,1,96,45,86,95,Low,No,No,0
620,7,83,69,87,58,Medium,No,Yes,1
621,5,50,31,62,44,Medium,Yes,Yes,0
622,5,75,70,84,41,High,Yes,No,0
623,2,92,41,56,57,Low,Yes,Yes,0
624,3,59,64,94,53,Medium,No,No,0
625,7,79,94,79,50,Low,Yes,Yes,1
626,6,99,84,60,39,Low,No,No,0
627,2,67,74,41,47,Medium,Yes,Yes,0
628,6,66,91,76,43,Low,Yes,Yes,0
629,2,75,78,45,63,Medium,No,No,0
630,2,57,54,83,87,Medium,No,Yes,0
631,2,96,52,57,51,Medium,Yes,No,0
632,3,89,53,69,99,Low,Yes,Yes,0
633,2,98,67,61,65,Medium,Yes,Yes,0
634,4,61,57,93,74,Low,Yes,Yes,0
635,9,76,50,72,65,Medium,Yes,No,1
636,6,57,83,69,51,Medium,No,No,0
637,1,74,47,56,90,High,No,No,0
638,8,95,65,82,85,High,No,No,1
639,7,53,74,71,62,High,No,No,0
640,3,82,82,81,74,Low,Yes,Yes,0
641,1,50,59,90,65,Low,Yes,Yes,0
642,5,68,89,53,49,Medium,No,No,0
643,4,80,61,97,47,Medium,Yes,Yes,0
644,8,65,96,49,67,Medium,No,Yes,1
645,1,63,96,86,96,Medium,Yes,Yes,0
646,1,97,57,99,52,Low,Yes,Yes,0
647,4,54,73,90,45,Medium,Yes,No,0
648,8,90,70,75,88,Medium,No,Yes,1
649,5,75,92,73,98,High,No,No,1
650,2,77,52,48,97,Medium,No,No,0
651,6,51,77,81,50,Medium,No,Yes,0
652,5,99,61,67,99,Medium,Yes,No,1
653,2,55,86,50,41,Low,Yes,Yes,0
654,3,58,62,53,45,High,Yes,Yes,0
655,9,82,53,78,43,Medium,Yes,Yes,0
656,7,90,68,94,90,Medium,No,No,1
657,7,74,63,86,75,High,Yes,No,1
658,6,97,85,93,61,Medium,Yes,No,1
659,8,62,57,58,44,Low,Yes,Yes,0
660,4,58,66,93,73,Medium,No,Yes,0
661,8,62,36,54,46,Low,No,Yes,0
662,4,80,97,67,70,Low,No,No,0
663,8,90,66,63,83,Medium,Yes,Yes,1
664,9,60,85,47,73,High,No,Yes,1
665,3,53,94,82,34,Low,Yes,No,0
666,3,83,94,48,56,High,Yes,No,0
667,2,87,76,86,72,Medium,Yes,No,0
668,3,95,49,72,60,Low,No,Yes,0
669,3,53,48,72,46,Medium,No,Yes,0
670,5,87,58,58,83,High,Yes,Yes,0
671,5,68,89,42,91,Medium,Yes,No,0
672,2,55,47,49,61,Medium,No,No,0
673,6,83,64,79,69,Low,No,No,0
674,5,67,72,86,42,Medium,No,No,0
675,6,62,40,81,64,Medium,Yes,Yes,0
676,1,90,78,40,34,Medium,Yes,Yes,0
677,5,72,67,68,58,Low,Yes,Yes,0
678,9,68,93,89,99,High,No,Yes,1
679,2,94,98,73,54,High,No,Yes,0
680,1,60,37,90,51,Medium,No,Yes,0
681,9,50,63,52,95,Low,Yes,Yes,1
682,9,73,77,93,74,Medium,Yes,Yes,1
683,9,56,85,40,98,High,No,No,1
684,6,74,94,73,30,Low,Yes,No,0
685,8,70,60,68,73,High,No,Yes,1
686,1,64,33,87,68,High,Yes,No,0
687,4,50,79,86,83,Low,No,Yes,0
688,1,61,98,52,58,Low,Yes,Yes,0
689,8,56,59,87,83,Medium,Yes,No,1
690,1,64,88,88,45,Medium,No,Yes,0
691,3,70,96,92,49,High,No,Yes,0
692,4,68,74,68,75,Low,No,Yes,0
693,8,78,33,78,96,Low,No,Yes,1
694,6,74,55,63,94,Medium,No,Yes,0
695,7,82,56,65,87,High,Yes,Yes,1
696,8,98,75,56,82,High,No,Yes,1
697,2,81,93,46,30,Medium,No,No,0
698,8,98,80,52,95,Low,No,No,1
699,3,84,79,44,58,Medium,Yes,Yes,0
700,7,93,35,65,99,Medium,No,No,0
701,3,87,88,88,37,Medium,No,Yes,0
702,7,75,44,42,58,Medium,No,Yes,0
703,2,60,59,46,80,Low,Yes,Yes,0
704,6,84,71,97,62,Medium,Yes,Yes,1
705,3,57,66,88,32,Low,No,No,0
706,3,95,71,78,89,Medium,Yes,No,0
707,9,63,64,92,64,High,No,No,1
708,7,59,35,40,98,Low,Yes,No,0
709,5,51,97,88,49,High,No,Yes,0
710,7,95,47,56,68,Medium,Yes,No,0
711,9,58,58,82,33,Medium,No,Yes,0
712,1,52,88,64,48,Medium,No,Yes,0
713,7,70,76,98,74,Low,Yes,No,1
714,6,75,46,42,72,High,No,Yes,0
715,9,57,51,54,42,Low,No,No,0
716,1,97,97,68,42,Low,No,No,0
717,4,51,98,92,89,Medium,No,No,0
718,9,55,66,82,86,High,Yes,No,1
719,4,77,78,71,81,Medium,No,No,0
720,3,78,42,65,82,Low,Yes,Yes,0
721,9,75,63,99,72,Medium,Yes,No,1
722,2,74,82,55,71,High,Yes,No,0
723,4,61,80,64,55,Medium,Yes,Yes,0
724,6,54,32,93,52,High,No,No,0
725,2,83,71,67,72,High,No,No,0
726,8,97,61,48,57,Medium,Yes,Yes,1
727,8,86,80,95,38,Low,No,Yes,1
728,1,64,75,95,49,Medium,Yes,No,0
729,3,93,50,40,85,Low,No,Yes,0
730,9,85,73,68,68,Low,No,No,1
731,5,64,40,96,80,Medium,No,Yes,0
732,6,92,97,61,41,Low,Yes,No,1
733,4,97,30,55,84,Low,Yes,No,0
734,2,72,92,80,40,Medium,No,No,0
735,8,55,53,90,55,Medium,Yes,Yes,0
736,6,95,42,83,71,Medium,Yes,No,0
737,5,99,40,90,56,Low,No,Yes,0
738,9,93,80,93,40,High,Yes,No,1
739,1,92,46,80,67,Low,No,No,0
740,5,94,53,46,72,High,No,No,0
741,6,70,48,53,48,Medium,No,No,0
742,5,72,66,68,93,High,Yes,No,0
743,6,92,37,58,35,Medium,No,Yes,0
744,6,65,57,58,75,Medium,No,Yes,0
745,7,96,34,41,71,High,Yes,Yes,0
746,4,64,46,80,94,Medium,Yes,No,0
747,8,74,65,84,88,High,Yes,No,1
748,7,85,48,54,81,Medium,Yes,Yes,0
749,9,60,93,42,76,Low,No,No,1
750,7,64,40,50,36,Low,Yes,No,0
751,3,53,83,92,40,Medium,Yes,No,0
752,3,70,74,85,90,Medium,Yes,Yes,0
753,8,62,76,69,97,High,Yes,Yes,1
754,5,71,41,96,54,Low,No,Yes,0
755,4,68,50,79,41,High,Yes,Yes,0
756,8,83,40,57,55,Medium,No,Yes,0
757,6,63,34,90,41,Medium,Yes,No,0
758,2,53,85,87,72,High,No,No,0
759,4,97,49,41,80,Medium,No,No,0
760,4,95,70,71,66,Low,Yes,No,0
761,6,76,75,47,75,High,No,Yes,0
762,6,78,41,61,82,Low,Yes,Yes,0
763,1,96,99,45,42,Low,No,No,0
764,8,77,46,51,83,Low,No,Yes,0
765,6,84,48,86,86,High,No,No,0
766,3,57,55,96,33,Medium,Yes,No,0
767,9,65,77,79,78,Low,No,No,1
768,2,91,81,75,36,Low,Yes,No,0
769,8,85,99,54,40,Low,No,Yes,1
770,3,79,84,67,83,Medium,No,No,0
771,5,67,62,91,74,Medium,No,Yes,0
772,6,51,91,96,52,High,No,No,0
773,6,98,52,88,57,Medium,No,No,0
774,4,62,44,84,86,High,No,No,0
775,3,53,56,57,55,High,Yes,No,0
776,4,75,93,41,54,High,Yes,Yes,0
777,1,74,80,52,83,High,Yes,No,0
778,4,79,82,84,58,High,No,Yes,0
779,1,60,80,93,65,Low,Yes,No,0
780,1,56,76,54,43,Medium,No,No,0
781,6,80,33,59,64,Low,Yes,No,0
782,5,93,36,68,59,High,Yes,Yes,0
783,4,59,64,98,46,Medium,No,No,0
784,3,88,77,81,96,Low,No,No,0
785,1,62,74,68,59,Low,Yes,No,0
786,6,80,48,42,74,High,Yes,No,0
787,2,56,92,58,80,Low,Yes,No,0
788,8,98,67,42,76,Low,Yes,Yes,1
789,5,91,96,93,82,Low,No,Yes,1
790,7,91,88,53,93,Low,Yes,No,1
791,2,85,98,79,67,Low,No,No,0
792,8,69,42,98,93,High,No,Yes,1
793,2,53,76,94,36,High,Yes,No,0
794,4,56,90,43,51,Low,No,Yes,0
795,1,50,60,98,70,High,Yes,No,0
796,5,93,51,99,39,High,No,No,0
797,9,94,72,91,86,Medium,No,Yes,1
798,1,91,96,50,36,Low,Yes,No,0
799,9,96,83,97,79,High,No,Yes,1
800,8,62,39,70,81,High,No,Yes,0
801,6,71,71,82,62,Low,Yes,Yes,0
802,7,70,93,71,30,Medium,No,No,0
803,3,71,50,66,82,Low,No,Yes,0
804,1,77,95,69,89,Medium,Yes,Yes,0
805,5,58,70,82,63,Low,Yes,No,0
806,2,75,53,41,33,Low,No,No,0
807,5,58,64,88,46,Low,No,No,0
808,8,64,85,48,33,Low,No,No,0
809,9,59,59,67,72,Medium,Yes,No,1
810,2,73,86,70,33,Medium,No,No,0
811,3,91,76,99,30,High,No,Yes,0
812,3,57,64,73,79,Low,No,No,0
813,1,73,48,95,90,Medium,No,Yes,0
814,8,65,37,54,64,Medium,No,No,0
815,6,98,55,87,37,Medium,No,Yes,0
816,8,75,59,64,53,Low,Yes,Yes,0
817,9,76,36,75,65,High,Yes,No,0
818,5,86,96,47,79,Medium,No,No,1
819,3,53,94,48,72,Low,No,Yes,0
820,5,99,65,97,56,Medium,Yes,No,0
821,5,73,54,97,61,Medium,Yes,No,0
822,5,68,66,76,47,High,Yes,Yes,0
823,3,85,30,87,57,Medium,No,Yes,0
824,4,88,44,84,58,Medium,No,Yes,0
825,9,59,66,78,45,Low,No,No,0
826,9,74,42,71,76,Low,No,No,1
827,2,67,37,97,88,High,Yes,No,0
828,8,68,34,91,60,Low,Yes,No,0
829,8,85,89,56,33,Low,Yes,Yes,1
830,7,59,30,74,66,High,Yes,No,0
831,8,82,65,76,46,Medium,No,Yes,0
832,3,99,64,58,68,High,No,No,0
833,6,54,95,83,77,Low,Yes,No,1
834,1,96,92,68,75,High,Yes,Yes,0
835,7,98,52,98,77,Medium,Yes,No,1
836,1,84,38,46,68,High,Yes,No,0
837,9,93,63,67,33,Low,Yes,Yes,1
838,1,83,75,48,59,Low,No,No,0
839,1,82,33,67,59,High,No,Yes,0
840,7,70,59,45,51,Medium,Yes,Yes,0
841,2,66,32,68,95,High,Yes,Yes,0
842,5,71,43,97,41,Medium,Yes,Yes,0
843,8,97,89,56,65,Medium,No,No,1
844,8,86,74,55,47,High,No,No,1
845,3,64,63,62,82,Medium,No,No,0
846,7,84,74,70,30,Low,Yes,Yes,0
847,3,77,90,42,87,High,No,No,0
848,6,56,45,60,35,Medium,Yes,No,0
849,6,81,95,65,99,Low,No,No,1
850,3,60,69,75,73,High,No,No,0
851,7,59,46,81,53,Low,No,Yes,0
852,3,58,63,76,48,Low,Yes,Yes,0
853,8,63,45,92,47,Low,Yes,No,0
854,4,62,89,61,59,Medium,No,Yes,0
855,1,74,95,81,71,High,Yes,No,0
856,4,51,95,51,62,High,Yes,No,0
857,7,84,42,81,41,Medium,Yes,No,0
858,4,56,85,52,56,High,Yes,Yes,0
859,6,70,60,50,68,Low,Yes,No,0
860,9,67,63,93,38,High,Yes,Yes,1
861,1,52,68,55,50,Medium,Yes,Yes,0
862,5,91,96,47,58,Low,No,No,0
863,7,88,37,79,62,Medium,Yes,Yes,0
864,1,90,84,98,91,Low,Yes,Yes,0
865,4,98,56,96,44,Low,No,No,0
866,6,60,82,79,31,High,No,Yes,0
867,2,88,68,84,81,Low,No,Yes,0
868,5,73,94,98,73,Medium,No,No,1
869,1,95,46,41,83,High,Yes,No,0
870,6,68,59,69,47,Medium,No,Yes,0
871,6,53,82,69,32,Low,No,No,0
872,4,75,42,51,36,Medium,Yes,No,0
873,8,87,50,49,72,Medium,Yes,Yes,0
874,4,91,48,83,67,Low,Yes,Yes,0
875,8,81,82,50,66,High,No,No,1
876,8,88,48,54,87,Medium,Yes,Yes,1
877,5,94,86,55,62,Low,No,No,0
878,4,95,54,56,88,High,Yes,No,0
879,2,85,60,65,40,High,Yes,Yes,0
880,3,89,84,41,97,High,No,Yes,0
881,3,86,52,89,97,Medium,Yes,No,0
882,4,82,61,51,51,Medium,Yes,No,0
883,4,85,91,90,95,Medium,Yes,No,1
884,5,52,39,65,73,High,Yes,No,0
885,4,58,83,62,35,Medium,Yes,Yes,0
886,8,57,81,57,71,Low,No,No,1
887,6,82,49,71,54,Medium,No,Yes,0
888,6,55,61,88,86,Medium,Yes,Yes,0
889,8,90,43,77,84,High,No,No,1
890,7,88,79,96,45,Medium,No,Yes,1
891,8,53,57,86,43,Low,No,Yes,0
892,2,62,82,42,68,High,Yes,No,0
893,9,98,53,77,57,Low,Yes,Yes,1
894,1,51,51,42,80,High,Yes,Yes,0
895,8,54,59,69,78,High,No,No,0
896,4,93,92,40,38,Medium,No,No,0
897,4,76,33,69,87,Low,Yes,No,0
898,5,81,88,84,74,High,Yes,No,1
899,8,70,37,71,51,Medium,No,No,0
900,5,57,41,67,61,High,No,No,0
901,8,87,60,60,98,High,Yes,No,1
902,1,57,63,97,98,High,No,Yes,0
903,9,99,78,85,71,High,No,Yes,1
904,6,52,86,52,82,High,No,No,0
905,3,93,55,66,88,High,No,Yes,0
906,8,52,47,75,68,Medium,No,Yes,0
907,9,71,67,46,44,High,No,No,0
908,6,55,79,61,58,Low,No,Yes,0
909,7,51,37,49,32,Medium,Yes,No,0
910,1,72,70,78,39,Low,Yes,Yes,0
911,5,93,35,92,58,High,No,No,0
912,5,51,98,54,64,Low,No,Yes,0
913,4,87,73,54,35,High,No,Yes,0
914,6,66,93,43,41,High,Yes,Yes,0
915,7,84,58,71,67,Medium,Yes,No,0
916,9,83,57,62,48,Medium,No,Yes,0
917,1,72,40,94,96,High,Yes,Yes,0
918,6,79,94,45,37,Medium,No,No,0
919,7,57,48,63,37,Low,No,No,0
920,3,71,38,59,76,Medium,No,Yes,0
921,8,93,56,97,33,Medium,No,Yes,0
922,5,85,63,76,80,Low,No,Yes,0
923,9,54,73,59,96,Medium,No,Yes,1
924,5,62,97,51,74,High,No,No,0
925,9,78,44,72,37,Low,Yes,Yes,0
926,4,80,80,67,45,High,No,Yes,0
927,9,96,42,47,96,Low,Yes,No,1
928,5,65,78,40,38,High,No,Yes,0
929,9,91,99,76,89,High,No,Yes,1
930,3,79,85,61,44,Medium,Yes,Yes,0
931,4,65,80,45,70,High,Yes,No,0
932,9,61,66,60,51,Medium,No,No,0
933,6,66,46,71,53,Low,Yes,Yes,0
934,2,65,87,74,73,High,No,Yes,0
935,7,61,58,54,30,High,No,No,0
936,2,57,62,44,39,Low,Yes,Yes,0
937,2,69,89,99,85,Low,Yes,Yes,0
938,1,52,84,95,79,High,Yes,No,0
939,3,65,39,85,41,Low,Yes,No,0
940,6,79,76,89,89,Medium,No,No,1
941,8,94,52,87,55,Low,Yes,Yes,1
942,9,72,50,45,70,Low,Yes,Yes,0
943,7,77,42,64,65,High,Yes,Yes,0
944,4,89,62,95,52,Medium,Yes,Yes,0
945,6,54,53,85,72,Low,Yes,No,0
946,5,69,40,98,35,Medium,No,Yes,0
947,8,89,46,95,98,Medium,No,Yes,1
948,1,93,97,79,72,Medium,Yes,No,0
949,1,50,76,68,54,High,Yes,No,0
950,6,79,54,46,47,Low,No,Yes,0
951,2,70,50,79,91,High,Yes,No,0
952,5,69,41,52,42,Low,No,No,0
953,1,55,66,77,72,Low,No,Yes,0
954,7,71,71,57,57,High,Yes,Yes,0
955,1,67,46,41,47,Medium,No,Yes,0
956,4,57,77,47,88,Medium,Yes,Yes,0
957,9,88,57,50,89,Low,Yes,No,1
958,1,81,70,72,92,High,No,No,0
959,4,82,76,93,86,Medium,No,Yes,0
960,6,65,47,77,80,Medium,Yes,Yes,0
961,6,61,42,87,85,Low,No,No,0
962,8,87,42,66,56,Low,Yes,Yes,0
963,1,83,60,59,61,High,No,Yes,0
964,7,63,31,51,38,Low,No,Yes,0
965,1,85,45,82,97,Medium,Yes,Yes,0
966,7,82,38,70,75,Medium,Yes,No,0
967,3,72,67,66,96,Medium,Yes,Yes,0
968,8,99,83,71,55,Medium,No,No,1
969,3,94,85,49,37,High,Yes,Yes,0
970,1,51,74,42,35,High,Yes,Yes,0
971,8,90,63,84,53,Low,No,No,1
972,3,70,38,66,77,Low,No,Yes,0
973,2,51,37,74,74,Low,Yes,No,0
974,1,76,36,70,42,High,Yes,Yes,0
975,3,58,65,54,98,Medium,Yes,Yes,0
976,2,50,47,55,54,Low,Yes,Yes,0
977,2,60,32,52,49,Medium,No,Yes,0
978,6,52,57,88,95,Low,No,Yes,0
979,1,72,99,74,74,Low,Yes,No,0
980,2,75,73,91,76,Low,Yes,No,0
981,6,53,50,50,92,Low,Yes,Yes,0
982,3,67,57,98,84,Low,No,Yes,0
983,4,55,83,60,48,Medium,Yes,No,0
984,1,84,83,90,64,Low,Yes,No,0
985,8,71,94,93,82,Medium,No,Yes,1
986,7,92,50,50,55,High,No,Yes,0
987,7,64,42,69,43,Low,Yes,No,0
988,3,71,86,99,74,Medium,Yes,Yes,0
989,3,86,78,87,73,High,No,No,0
990,2,91,83,92,94,High,Yes,Yes,0
991,1,61,39,74,80,High,Yes,No,0
992,7,96,82,61,72,Medium,No,No,1
993,7,98,73,77,52,Low,No,Yes,1
994,2,91,76,70,85,Low,No,No,0
995,7,87,82,53,48,Medium,Yes,Yes,0
996,8,67,75,63,84,Low,No,Yes,1
997,1,94,42,89,89,Medium,No,Yes,0
998,9,84,66,88,88,Low,Yes,Yes,1
999,7,79,53,71,62,High,Yes,No,0
1000,3,73,31,75,48,Low,No,Yes,0
1001,8,91,43,71,57,Medium,No,Yes,0
1002,7,79,39,94,81,Medium,Yes,Yes,0
1003,8,63,64,54,78,High,Yes,Yes,0
1004,6,55,54,82,66,Medium,No,No,0
1005,9,52,32,97,55,Low,No,Yes,0
1006,5,65,46,74,69,Low,Yes,No,0
1007,3,56,41,42,67,High,No,No,0
1008,3,63,83,55,83,Medium,Yes,No,0
1009,1,58,53,44,51,High,No,Yes,0
1010,8,64,58,60,45,Low,Yes,Yes,0
1011,2,70,72,49,57,High,Yes,Yes,0
1012,3,84,54,58,64,Medium,No,Yes,0
1013,8,51,89,64,89,High,No,No,1
1014,8,76,94,43,74,Medium,Yes,No,1
1015,4,51,57,68,75,Medium,No,Yes,0
1016,4,84,45,58,84,Low,No,Yes,0
1017,5,67,76,82,55,Low,No,Yes,0
1018,6,63,87,41,54,Low,Yes,Yes,0
1019,5,69,56,49,94,Medium,No,Yes,0
1020,7,67,82,82,35,High,No,Yes,0
1021,2,59,71,64,52,Medium,Yes,Yes,0
1022,7,74,88,59,93,Low,No,No,1
1023,7,51,76,87,72,Low,No,No,0
1024,1,74,63,58,52,High,Yes,No,0
1025,7,82,66,62,59,Low,Yes,No,0
1026,5,85,35,63,47,Low,No,Yes,0
1027,3,80,36,50,50,Low,No,Yes,0
1028,3,63,54,85,86,High,Yes,Yes,0
1029,4,50,62,73,52,Medium,Yes,Yes,0
1030,2,95,84,94,74,Low,No,Yes,0
1031,2,65,87,67,73,High,No,No,0
1032,1,95,36,44,76,Low,No,Yes,0
1033,5,52,86,98,69,High,Yes,No,0
1034,4,84,41,44,80,Low,No,Yes,0
1035,2,90,45,90,71,High,Yes,No,0
1036,3,55,72,60,36,Low,Yes,Yes,0
1037,7,74,36,51,79,Medium,Yes,No,0
1038,7,62,80,89,77,Low,No,Yes,1
1039,4,83,61,43,35,High,No,Yes,0
1040,5,57,37,93,38,Low,No,Yes,0
1041,5,70,74,88,86,Medium,Yes,Yes,0
1042,6,83,88,81,60,Low,No,No,1
1043,9,53,33,59,50,High,Yes,Yes,0
1044,2,74,96,77,69,High,Yes,No,0
1045,5,64,58,64,74,Medium,Yes,Yes,0
1046,3,53,58,53,78,High,Yes,No,0
1047,4,94,57,50,49,Low,Yes,Yes,0
1048,6,61,73,71,46,Low,Yes,Yes,0
1049,8,81,33,50,57,Low,No,No,0
1050,1,81,38,57,70,High,Yes,Yes,0
1051,8,77,34,66,95,Low,No,Yes,0
1052,7,62,85,94,54,Low,Yes,No,1
1053,1,80,79,93,87,Low,No,Yes,0
1054,2,63,44,57,70,Medium,No,No,0
1055,3,69,61,95,35,High,No,Yes,0
1056,1,67,57,62,67,High,No,No,0
1057,9,78,51,50,35,High,Yes,No,0
1058,8,55,46,60,74,Medium,Yes,No,0
1059,2,81,88,83,43,High,Yes,No,0
1060,9,78,86,44,95,Medium,Yes,Yes,1
1061,7,92,55,62,69,Medium,No,Yes,0
1062,9,51,54,80,32,High,No,No,0
1063,6,72,39,98,53,Low,No,Yes,0
1064,6,68,74,64,48,Low,Yes,Yes,0
1065,4,80,40,80,47,High,No,Yes,0
1066,2,54,82,93,93,High,Yes,No,0
1067,7,68,97,49,64,Medium,No,Yes,1
1068,5,83,57,61,91,High,No,Yes,0
1069,6,59,94,58,30,Medium,No,No,0
1070,2,74,78,40,54,High,No,Yes,0
1071,5,51,76,46,74,Low,No,No,0
1072,4,60,81,43,78,Low,Yes,No,0
1073,9,99,83,40,45,High,No,No,1
1074,6,80,89,54,48,Medium,Yes,Yes,0
1075,2,64,86,79,52,Low,Yes,Yes,0
1076,1,58,76,51,54,Medium,Yes,No,0
1077,5,72,60,61,45,High,Yes,No,0
1078,9,68,75,61,83,High,Yes,No,1
1079,6,58,55,89,30,Low,Yes,No,0
1080,7,84,34,86,71,High,Yes,No,0
1081,5,70,81,56,48,Low,Yes,No,0
1082,6,58,83,68,63,Medium,No,Yes,0
1083,5,77,62,85,84,Low,No,No,0
1084,9,95,79,53,47,Low,Yes,No,1
1085,6,56,67,89,63,Medium,Yes,No,0
1086,8,65,56,59,74,Low,Yes,Yes,0
1087,2,65,44,89,35,Low,No,Yes,0
1088,9,82,90,87,50,High,No,Yes,1
1089,5,53,50,72,99,Medium,Yes,Yes,0
1090,7,53,75,94,77,Low,Yes,No,1
1091,1,88,98,98,68,Medium,No,Yes,0
1092,5,89,35,82,60,Medium,No,No,0
1093,2,66,67,54,39,Low,Yes,No,0
1094,6,86,91,51,59,High,Yes,No,1
1095,1,88,91,79,47,Medium,Yes,No,0
1096,3,78,75,93,89,Low,Yes,No,0
1097,5,85,42,59,44,Medium,No,No,0
1098,4,87,32,69,33,High,No,Yes,0
1099,3,88,35,77,92,High,Yes,Yes,0
1100,5,99,37,42,69,High,Yes,Yes,0
1101,8,86,73,67,38,Low,Yes,Yes,0
1102,4,84,62,95,38,Low,No,Yes,0
1103,1,56,79,65,55,High,Yes,No,0
1104,7,76,40,69,33,Low,Yes,Yes,0
1105,8,77,57,52,45,High,Yes,Yes,0
1106,3,71,99,52,44,Low,No,Yes,0
1107,6,63,70,41,81,High,Yes,No,0
1108,2,56,45,76,98,Medium,No,No,0
1109,7,86,97,88,34,High,Yes,No,1
1110,8,71,77,77,49,High,Yes,Yes,1
1111,6,54,85,41,47,Low,Yes,Yes,0
1112,6,51,93,75,31,Low,No,Yes,0
1113,5,76,88,93,42,Low,Yes,Yes,0
1114,8,70,91,65,33,Low,Yes,Yes,1
1115,1,87,40,50,71,Low,No,No,0
1116,4,64,47,47,90,Low,No,Yes,0
1117,4,70,48,83,37,Medium,No,No,0
1118,3,59,84,79,96,High,Yes,Yes,0
1119,3,72,55,82,92,High,No,No,0
1120,4,88,35,61,38,High,Yes,No,0
1121,1,54,33,59,40,Medium,No,No,0
1122,2,50,58,47,71,High,No,No,0
1123,9,62,88,68,42,Medium,No,Yes,1
1124,2,70,46,79,65,Medium,Yes,Yes,0
1125,5,75,72,65,42,Medium,Yes,Yes,0
1126,9,99,95,69,41,High,Yes,No,1
1127,9,94,63,56,66,Medium,Yes,Yes,1
1128,8,70,37,59,81,High,Yes,Yes,0
1129,1,67,42,91,31,High,Yes,Yes,0
1130,1,86,37,94,85,Low,Yes,Yes,0
1131,9,94,94,55,89,Low,Yes,No,1
1132,8,81,72,85,52,Medium,Yes,No,1
1133,9,85,68,82,69,Medium,No,Yes,1
1134,7,66,88,46,93,High,No,Yes,1
1135,3,84,73,55,52,Medium,Yes,Yes,0
1136,3,98,38,84,58,Medium,Yes,No,0
1137,2,60,66,98,80,High,Yes,No,0
1138,5,70,65,86,98,Medium,Yes,No,0
1139,3,75,57,95,60,Medium,No,Yes,0
1140,6,53,71,87,79,High,No,No,0
1141,2,83,72,66,49,High,Yes,No,0
1142,3,97,71,92,84,Low,No,No,0
1143,5,67,95,62,31,High,No,No,0
1144,1,89,84,63,54,Low,Yes,No,0
1145,1,84,77,48,42,Medium,Yes,Yes,0
1146,9,90,51,74,99,High,Yes,Yes,1
1147,7,78,56,90,96,High,Yes,Yes,1
1148,1,78,96,59,87,High,No,Yes,0
1149,8,87,42,76,93,Medium,Yes,No,1
1150,3,91,74,81,98,Low,No,Yes,0
1151,8,70,39,56,88,Medium,Yes,Yes,0
1152,5,91,38,86,89,Medium,No,Yes,0
1153,1,62,83,70,91,High,Yes,No,0
1154,7,98,56,94,45,Low,Yes,Yes,0
1155,5,90,63,96,97,Medium,No,No,1
1156,6,66,30,47,44,High,No,No,0
1157,6,58,61,54,84,Medium,No,No,0
1158,8,90,96,70,64,Medium,Yes,Yes,1
1159,9,50,49,92,84,High,No,No,1
1160,2,51,64,69,43,High,No,Yes,0
1161,9,97,46,85,78,Low,No,Yes,1
1162,9,78,47,59,36,Medium,No,Yes,0
1163,7,82,74,99,59,High,No,No,1
1164,1,59,82,78,78,High,No,No,0
1165,7,99,97,92,45,Low,No,Yes,1
1166,5,89,94,94,80,Low,No,No,1
1167,6,70,30,51,71,High,No,No,0
1168,7,77,87,88,46,Low,Yes,No,1
1169,5,60,55,56,92,High,Yes,Yes,0
1170,7,83,49,81,74,Medium,No,No,0
1171,9,57,39,69,36,Low,Yes,No,0
1172,3,71,88,68,56,Medium,Yes,Yes,0
1173,8,57,70,58,39,Medium,No,No,0
1174,2,98,34,85,63,Medium,No,Yes,0
1175,7,64,94,50,65,High,No,No,1
1176,2,66,46,73,54,Medium,No,No,0
1177,4,72,51,89,35,Medium,No,No,0
1178,7,73,70,46,53,Medium,No,No,0
1179,3,94,97,83,47,High,Yes,No,0
1180,2,68,98,97,35,Medium,No,No,0
1181,7,54,40,73,58,Medium,Yes,Yes,0
1182,1,81,85,98,54,Low,No,No,0
1183,8,93,80,59,84,High,No,No,1
1184,3,50,50,89,75,Medium,Yes,No,0
1185,2,72,55,77,53,Low,No,Yes,0
1186,3,86,48,63,55,High,No,Yes,0
1187,5,57,89,49,57,High,Yes,Yes,0
1188,8,62,76,71,32,High,No,No,0
1189,7,57,55,91,67,High,Yes,No,0
1190,7,72,69,54,90,High,No,Yes,1
1191,7,92,34,76,80,High,No,Yes,0
1192,8,50,50,59,77,Medium,Yes,Yes,0
1193,1,94,33,42,50,Medium,No,No,0
1194,4,73,52,76,83,Medium,Yes,Yes,0
1195,6,84,44,96,85,Medium,Yes,No,0
1196,9,73,37,79,88,Low,Yes,No,1
1197,2,66,70,47,80,Medium,No,No,0
1198,1,54,48,79,49,High,No,Yes,0
1199,2,69,75,83,88,Medium,Yes,No,0
1200,7,70,57,95,38,Medium,No,Yes,0
